{"cameraMode":{"drawMode":0,"name":"Shaded","section":"Shading Mode"},"sceneLighting":true,"audioPlay":false,"sceneViewState":{"m_AlwaysRefresh":false,"showFog":true,"showSkybox":true,"showFlares":true,"showImageEffects":true,"showParticleSystems":true,"showVisualEffectGraphs":true,"m_FxEnabled":true},"in2DMode":false,"pivot":{"x":671.8756713867188,"y":362.9660339355469,"z":-26.548675537109376},"rotation":{"x":-0.06176784262061119,"y":0.009579064324498177,"z":-0.0005926020094193518,"w":-0.9980461597442627},"size":368.6859436035156,"orthographic":true}